Banminth Paste Katze 3g;166;Stck
Labbefet Pfotenschutzsalbe;4;Stck
Atussin Dragées forte (40 Drag.);119;Stck
Calo-Pet Paste 120 gr.;251;Stck
Cefaseptin Dragées forte  30 Drag.;1;Stk.
Chlorophyll Dragées 50 Stk.;49;Stck
Cortivet Salbe 20 g;87;Stck
Dermilen Shampoo 300 ml;58;Stck
Gervivet Nager, 10 ml;171;Stck
Gingisan Salbe 20g;78;Stck
Inorgan für Kleintiere 100g Pulver;44;Stck
Ophthalmyvet Augensalbe 5g;6;Stck
Peroxyderm Shampoo 200 ml;0;Stck
Prurivet N 100ml;1;Stck
Sedalin mite 40 Drag.;38;Stck
Sedalin forte 40 Drag.;6;Stck
Tetraseptin Tropfen mite 10 ml;1;Stck
Tetraseptin Tropfen forte 10 ml;21;Stck
Uro-Pet Paste 120g;4;Stck
Aurisol Ohrspülflüssigkeit 100ml;3;Stck
Benamin Hustensirup mit Codein 100 ml;88;Stck
Bismutal Pulver 1x20g;1105;Stck
Ectofum Medizinalshampoo 220 ml;69;Stck
Fucidin comp. Ohrentropfen;60;Stck
Baytril 50 * 20 Stk.;15;Stck
Cimi Lac  Milchpulver für Katzen 250 g;73;Stck
Dimazon-Lösung 5% 10 ml;0;Stck
Dimazon-Tabletten 40mg    20 Stk.;20;Stck
Droncit 50 mg*1 Tabletten;0;Stck
Welpi-Lac Ersatzmilch für Hunde 250 g;16;Stck
Hills Trockenfutter  Katze k/d, 2 Kg;86;Stck
Hills Trockenfutter  Katze k/d, 5 Kg;27;Stck
Hills Trockenfutter Katze i/d, 2 Kg;131;Stck
Hills Trockenfutter Katze i/d, 5 Kg;42;Stck
Hills Trockenfutter Katze t/d, 2 Kg;54;Stck
Hills Trockenfutter Katze c/d, 2 Kg;41;Stck
Hills Trockenfutter Hund r/d 2 Kg;28;Stck
Hills Trockenfutter Hund r/d 5 Kg;44;Stck
Hills Trockenfutter Hund r/d 14 Kg;136;Stck
Hills Trockenfutter Hund i/d 2 Kg;82;Stck
Hills Trockenfutter Hund d/d, 2 kg;4;Stck
Hills Trockenfutter Hund d/d, 5 Kg;5;Stck
